"gen","GWAS","xAM","mean","median","sd"
5,"Population","2-variate",1.32075774034146,1.24401913875598,0.287897416493566
5,"Population","5-variate",1.52208443106812,1.36813186813187,0.342092337783149
