"xAM","avg","se"
"2-variate",0.113230013999799,0.00192360662710982
"6-variate",0.148886586102406,0.00184195661640815
