"xAM","intercept","se"
"2-variate",0.113230013999799,0.0105970318562449
"6-variate",0.148886586102406,0.0090953715033012
