"xAM","avg","sd","lower","upper"
"2-variate",0.344851746098837,0.0236287852930168,0.30598585290916,0.383717639288513
"6-variate",0.42698527899119,0.0232407459569388,0.388757653710861,0.465212904271519
